accepted_submission_index,commit,commit_short,commit_date,submission_id,tested_point_pairs,correct_point_pairs,incorrect_point_pairs,correctness_probability,correctness_percent,avg_executed_toffoli,peak_qubits,qxt,qxt_over_p,emitted_ops,avg_executed_clifford,phase_garbage_batches,ancilla_garbage_batches,corpus_seed,elapsed_seconds
1,"c55911f37d0d25f7c088b303bdae0005e74a1d10","c55911f","2026-05-29T11:23:30Z","2548775d-ab81-4842-8272-f73559cd5da7",50000,50000,0,1.000000000000,100.000000000,3960753.000000000,2715,10753444395.000000000,10753444395.000000000,28695222,22627110.424300000,1,0,"ecdsafail-qxt-history-v1",46.539
11,"8631b0492dc1649a75373ad26055c29a8f04fbf7","8631b04","2026-05-30T23:39:28Z","48497c26-547d-4702-ae22-3504ace1bd43",50000,50000,0,1.000000000000,100.000000000,3904100.000000000,2708,10572302800.000000000,10572302800.000000000,28319970,22415679.758699998,7,0,"ecdsafail-qxt-history-v1",11.731
21,"04b3a762b3a2f21c0f209f18a6b7aa16d5fb523d","04b3a76","2026-05-31T16:31:29Z","c8f43670-20c3-4073-94c5-30b742ba7523",50000,49997,3,0.999940000000,99.994000000,3541843.000000000,2708,9591310844.000000000,9591886357.181430817,26597605,21104908.326120000,6,0,"ecdsafail-qxt-history-v1",11.796
31,"ce60f0ef4d157b41374106d062b732ea9e39177b","ce60f0e","2026-06-01T06:02:51Z","fde221ff-f0ba-4105-8a46-3b23dd978629",50000,49987,13,0.999740000000,99.974000000,3356758.000000000,2310,7754110980.000000000,7756127573.169024467,25267667,19518142.979959998,7,0,"ecdsafail-qxt-history-v1",11.253
41,"179ab1070333d9221fc63cab448b9ed504b4418e","179ab10","2026-06-01T16:42:55Z","f342d571-3dd0-4937-b3b3-b609c871a533",50000,49987,13,0.999740000000,99.974000000,2837081.000000000,2309,6550820029.000000000,6552523685.158141136,21215074,16677002.170620000,5,0,"ecdsafail-qxt-history-v1",9.663
51,"a25248fde43107f5e99d8460a2d41d5ea7c1738c","a25248f","2026-06-01T18:34:37Z","d247fbfe-46b9-4866-bc14-000c3b7b2119",50000,49987,13,0.999740000000,99.974000000,2613815.000000000,2309,6035298835.000000000,6036868420.789405823,20622088,16304170.870400000,7,0,"ecdsafail-qxt-history-v1",9.791
61,"5136c0a546d8badc56a5bdc0f8a6dcb6b66fc54d","5136c0a","2026-06-01T21:43:43Z","38255e03-da47-461f-b4d5-77bd12a06bf3",50000,49985,15,0.999700000000,99.970000000,2424136.000000000,2309,5597330024.000000000,5599009726.918075562,18872496,14918743.482039999,7,0,"ecdsafail-qxt-history-v1",8.623
71,"13a7a538234cac65a1245b7b9e419856a11e9f58","13a7a53","2026-06-02T03:13:23Z","ea4f6e0d-41e5-4718-b820-fcbbac38cecf",50000,49971,29,0.999420000000,99.942000000,2559463.000000000,2025,5182912575.000000000,5185920408.837125778,19376795,15238566.273920000,14,0,"ecdsafail-qxt-history-v1",8.798
81,"700d5a728089d7ea56722a42fa0504dcac8b1c98","700d5a7","2026-06-02T05:30:10Z","e72b8542-429a-4f19-a1f8-c499a4c11891",50000,49964,36,0.999280000000,99.928000000,2571903.000000000,2002,5148949806.000000000,5152659720.999119759,19336713,15185697.193980001,21,0,"ecdsafail-qxt-history-v1",8.715
91,"c813ee55f14aa4a31a328366d672e1fb1c407a3d","c813ee5","2026-06-02T07:29:49Z","1f7aabe7-5d64-4587-a9c0-ff98e26fc10a",50000,49990,10,0.999800000000,99.980000000,1981734.000000000,1698,3364984332.000000000,3365657463.492698669,14434652,11198036.188080000,4,0,"ecdsafail-qxt-history-v1",6.728
101,"0aa33ed06dd15c9bac929ff166ad53f959706c2f","0aa33ed","2026-06-02T09:09:42Z","634abd5d-6274-4665-a19b-07ff4cfa098a",50000,49974,26,0.999480000000,99.948000000,1691097.000000000,1698,2871482706.000000000,2872976653.860007286,10604643,7884438.446040000,17,0,"ecdsafail-qxt-history-v1",4.725
111,"68e36539833108ef97eb4692304640faaaef8509","68e3653","2026-06-02T10:54:36Z","744b2747-71aa-4d4a-9034-194f69e7352e",50000,49981,19,0.999620000000,99.962000000,1770897.000000000,1572,2783850084.000000000,2784908349.172685623,11818111,8644582.633660000,15,0,"ecdsafail-qxt-history-v1",5.027
121,"550895c35f3ca389783f31887806ffb32791d3a0","550895c","2026-06-02T13:24:52Z","3bd3aa5a-c36a-432e-92af-c4933a860a80",50000,49970,30,0.999400000000,99.940000000,1689505.000000000,1567,2647454335.000000000,2649043761.256754398,10801739,7920424.190500000,17,0,"ecdsafail-qxt-history-v1",4.545
131,"7021abeab3e036b58e2c8efd71d95a7ed24151f6","7021abe","2026-06-02T17:31:02Z","8780d1e0-dfcd-4035-b34e-a56d35cffab5",50000,49973,27,0.999460000000,99.946000000,1695679.000000000,1542,2614737018.000000000,2616149738.858983994,10917282,7984512.434280000,20,0,"ecdsafail-qxt-history-v1",4.755
141,"14b84f157fb543b40c1b15d67684a881d4ed5206","14b84f1","2026-06-02T21:39:13Z","700582eb-0dbb-4c3f-b98d-da9f0812ea78",50000,49964,36,0.999280000000,99.928000000,1728225.000000000,1466,2533577850.000000000,2535403340.405091763,11029397,8000393.463700000,25,0,"ecdsafail-qxt-history-v1",4.784
151,"34a514ae5dbc4e99b4215b79e480fa89e962b4ec","34a514a","2026-06-03T06:20:03Z","717743cd-5883-45aa-8a58-c91c8c4c64e5",50000,49964,36,0.999280000000,99.928000000,1732781.000000000,1434,2484807954.000000000,2486598304.779441357,11135441,8065440.746780000,26,0,"ecdsafail-qxt-history-v1",4.814
161,"dd188f830507a7fa1a496bca9655a45dd6910562","dd188f8","2026-06-03T18:26:35Z","a8d8d5a7-91f9-48fa-ab0f-8922e0de97a9",50000,49950,50,0.999000000000,99.900000000,1714567.000000000,1428,2448401676.000000000,2450852528.528528690,11201593,8132229.040860000,27,0,"ecdsafail-qxt-history-v1",4.899
171,"cbe70bca3a59a6e8d6eb0672afe5a4f3b92a9748","cbe70bc","2026-06-03T23:28:27Z","738af19a-1bb4-46af-bd04-81c27f2ab3df",50000,49954,46,0.999080000000,99.908000000,1776467.000000000,1355,2407112785.000000000,2409329368.018577099,13335204,8561542.335740000,28,0,"ecdsafail-qxt-history-v1",5.619
181,"c6cc74ee607a4445d9a02b5e06a608bf01585d01","c6cc74e","2026-06-05T06:46:48Z","55d50522-9fcd-4803-a7ec-ea9fe8ecb116",50000,49992,8,0.999840000000,99.984000000,1598967.000000000,1390,2222564130.000000000,2222919797.167546749,10610041,6849088.764460000,6,0,"ecdsafail-qxt-history-v1",4.355
191,"dda7bfd21e71e498b64b8c3e206f5ffb863cfafa","dda7bfd","2026-06-05T09:10:35Z","16642742-11a6-4bf1-ad05-9c0b43c32ff6",50000,49972,28,0.999440000000,99.944000000,1531871.000000000,1390,2129300690.000000000,2130493766.509245157,10247269,6584324.706320000,17,0,"ecdsafail-qxt-history-v1",4.257
201,"438ef0082c4c20abd4380ed1cbc46e0be0ac179f","438ef00","2026-06-05T14:16:57Z","60a7f2e6-cc30-4cb1-9405-b70513de9adb",50000,49963,37,0.999260000000,99.926000000,1511667.000000000,1382,2089123794.000000000,2090670890.458939552,10041192,6448273.685800000,23,0,"ecdsafail-qxt-history-v1",3.902
211,"c3cbccee94853549c07d05bd8d43656832be9ac6","c3cbcce","2026-06-05T16:09:34Z","d5ca1f7b-5d79-4954-940c-60b8003d11a8",50000,49975,25,0.999500000000,99.950000000,1554467.000000000,1320,2051896440.000000000,2052922901.450725317,11104607,6431157.712800000,19,0,"ecdsafail-qxt-history-v1",4.200
221,"21fbfc717c44ddb7a9efa2c582e5943f6c8bd6f8","21fbfc7","2026-06-05T20:21:40Z","d77c0b2a-0bbb-43df-b316-8c720ed27df4",50000,49976,24,0.999520000000,99.952000000,1540355.000000000,1320,2033268600.000000000,2034245037.618056774,10383295,6671697.470300000,15,0,"ecdsafail-qxt-history-v1",4.029
231,"4ef004626f0e3d998c482aa127828f6b413e0747","4ef0046","2026-06-05T23:42:07Z","32611a89-cd63-46a3-88ee-a050783827a3",50000,49951,49,0.999020000000,99.902000000,1535885.000000000,1313,2016617005.000000000,2018595228.323757172,10349421,6648527.702540000,27,0,"ecdsafail-qxt-history-v1",3.996
241,"76fdaf2bae21147c77971e12b0c743ab3b29fccf","76fdaf2","2026-06-06T03:16:48Z","356496a3-70b4-4a8a-addc-b6b96e8f2c83",50000,49945,55,0.998900000000,99.890000000,1512823.000000000,1313,1986336599.000000000,1988523975.372910261,10206614,6585976.449600000,31,0,"ecdsafail-qxt-history-v1",3.944
251,"8e135872548e73a6372f44680d06e60dab0b69a4","8e13587","2026-06-06T13:36:47Z","8be3349e-2b58-4932-aad5-38ba25a55b09",50000,49943,57,0.998860000000,99.886000000,1504903.000000000,1309,1969918027.000000000,1972166296.578099012,10117854,6524825.487920000,26,0,"ecdsafail-qxt-history-v1",3.959
261,"e0767c7bc20ec33d758819f76e23257d40bd9c9e","e0767c7","2026-06-06T18:56:19Z","22a51767-bb9e-4717-9691-7866e7936d9c",50000,49954,46,0.999080000000,99.908000000,1488694.000000000,1307,1945723058.000000000,1947514771.589862823,9883509,6370869.073840000,32,0,"ecdsafail-qxt-history-v1",3.913
271,"82f7a956400c675e91fd8c4d5043afef6336c28b","82f7a95","2026-06-07T09:00:02Z","9a648dab-3351-4387-ade8-b826d7d3bff3",50000,49948,52,0.998960000000,99.896000000,1464304.000000000,1306,1912381024.000000000,1914371970.849683762,9807025,6332740.818420000,33,0,"ecdsafail-qxt-history-v1",3.860
281,"73f4f489ffa9c664daf54eda98d7b95ff3289555","73f4f48","2026-06-08T05:42:17Z","e88456f0-5156-441c-a940-60b2f90d93a4",50000,49928,72,0.998560000000,99.856000000,1454884.000000000,1300,1891349200.000000000,1894076670.405383825,9781624,6321231.823500000,36,0,"ecdsafail-qxt-history-v1",3.937
291,"c27e8a53b7e9b69523c002ed7991c833b0e8c46a","c27e8a5","2026-06-09T07:42:56Z","c0bba538-1c84-4d90-b8ee-593ab8f55a99",50000,49917,83,0.998340000000,99.834000000,1388097.714860000,1285,1783705563.595099926,1786671438.182482719,9830128,5798137.844160000,47,0,"ecdsafail-qxt-history-v1",4.032
301,"7689eacf73722c307606c3decfeec614856ff11c","7689eac","2026-06-10T11:37:40Z","c20c89b3-be10-44ba-97e9-9f6e49831828",50000,49930,70,0.998600000000,99.860000000,1435354.738600000,1226,1759744909.523600101,1762212006.332465410,10111988,5770231.078200000,39,0,"ecdsafail-qxt-history-v1",4.004
311,"420e0c263a8762ca14605cdad915e32b05886c22","420e0c2","2026-06-11T17:10:16Z","ebd0a6ee-d154-470f-b593-3b097957d316",50000,49930,70,0.998600000000,99.860000000,1403322.002780000,1215,1705036233.377700090,1707426630.660624981,10006936,5705007.503020000,42,0,"ecdsafail-qxt-history-v1",3.979
321,"0fa5c6f5f79c1cb14f046534c9ba12ab1d81e9fa","0fa5c6f","2026-06-13T10:58:04Z","a7ec174f-01b3-4923-b358-bd5fcd0607b5",50000,49926,74,0.998520000000,99.852000000,1412436.446680000,1192,1683624244.442559958,1686119701.600929499,10111142,5746902.928740000,43,0,"ecdsafail-qxt-history-v1",4.009
331,"ba3efc105de099089de195497b85c08bbd3e83f9","ba3efc1","2026-06-18T18:45:56Z","48fb635c-bb25-4c53-b906-786a7a8bd002",50000,49919,81,0.998380000000,99.838000000,1431616.429820000,1168,1672127990.029759884,1674841232.826939344,10253723,5795891.111520000,52,0,"ecdsafail-qxt-history-v1",4.234
341,"70bf11aa9065bf163bb88492048161f1ee89ed34","70bf11a","2026-06-19T08:13:44Z","d61157f9-705a-4f42-ad37-e7ec19569bfa",50000,49966,34,0.999320000000,99.932000000,1422263.235600000,1166,1658358932.709599972,1659487384.130808830,10758558,5950472.000260000,21,0,"ecdsafail-qxt-history-v1",4.186
351,"cea9f5fc1f5a20bd5bfa47138aacba95990bab5d","cea9f5f","2026-06-19T12:56:06Z","05c0b965-1922-4eab-9f60-984180ededd1",50000,49966,34,0.999320000000,99.932000000,1413489.567260000,1165,1646715345.857899904,1647835874.252391577,10662523,5923459.475800000,18,0,"ecdsafail-qxt-history-v1",4.190
361,"4ea8b74e9fb4ee0e8ce6c410df11cc59b2970dc9","4ea8b74","2026-06-19T19:52:49Z","673db5db-75ed-4b86-81ed-9e616f49993f",50000,49965,35,0.999300000000,99.930000000,1410246.122400000,1164,1641526486.473599911,1642676359.925547838,10631227,5897248.157400000,18,0,"ecdsafail-qxt-history-v1",4.229
371,"aacf05c604adce757b9e03adc0107408033ce2b2","aacf05c","2026-06-20T05:53:40Z","a6fe4c2a-853a-4f84-b7bf-cef63a3f576c",50000,49944,56,0.998880000000,99.888000000,1389098.138140000,1162,1614132036.518679857,1615941891.437089443,10205175,5739760.841760000,35,0,"ecdsafail-qxt-history-v1",3.735
381,"5c34dd168c26822a528a2226af0571f05d34b609","5c34dd1","2026-06-20T19:10:20Z","dca886e1-4268-49fd-867e-7edcc556230e",50000,49941,59,0.998820000000,99.882000000,1378810.103060000,1159,1598040909.446540117,1599928825.460583448,10157884,5662417.625420000,42,0,"ecdsafail-qxt-history-v1",3.716
391,"4a90d040e9d9e03f3e6dc6a3a4095e03cfb529ee","4a90d04","2026-06-21T10:34:24Z","5c9a4e85-c20f-46ee-a8ec-bfe3d3bc6417",50000,49936,64,0.998720000000,99.872000000,1365622.147100000,1159,1582756068.488899946,1584784592.767642498,10105870,5663373.368500000,43,0,"ecdsafail-qxt-history-v1",3.706
401,"d44cad386f2e121e2d952edcdcc3693f97d13153","d44cad3","2026-06-26T19:12:07Z","71f51157-ad1f-4e26-862a-c71276c9d096",50000,49918,82,0.998360000000,99.836000000,1364240.177900000,1152,1571604684.940799952,1574186350.555711269,10221377,5660783.790240000,63,0,"ecdsafail-qxt-history-v1",3.918
405,"3f8ce0984f57e87c4ba341556373efb8283ed768","3f8ce09","2026-07-20T21:17:48Z","830ebf3e-5782-402f-b519-49e29fbfe028",50000,49916,84,0.998320000000,99.832000000,1318309.968180000,1152,1518693083.343360186,1521248781.295937300,9761473,5531565.645180000,72,0,"ecdsafail-qxt-history-v1",3.613
