index,active_qubit_count_per_index,avg_toffoli_gates_per_run_in_bin,phase_name
68,768,0.000000,tlm_coord_x_sub+tlm_coord_y_sub
206,768,0.000000,tlm_coord_x_sub+tlm_coord_y_sub
344,768,0.000000,tlm_coord_x_sub+tlm_coord_y_sub
481,768,0.000000,tlm_coord_x_sub+tlm_coord_y_sub
619,768,0.000000,tlm_coord_x_sub+tlm_coord_y_sub
757,768,0.000000,tlm_coord_x_sub+tlm_coord_y_sub
894,769,0.000000,tlm_coord_x_sub+tlm_coord_y_sub
1032,770,0.000000,tlm_coord_x_sub+tlm_coord_y_sub
1169,770,0.000000,tlm_coord_x_sub+tlm_coord_y_sub
1307,770,0.000000,tlm_coord_x_sub+tlm_coord_y_sub
1445,770,0.000000,tlm_coord_x_sub+tlm_coord_y_sub
1582,794,59.000000,tlm_coord_x_sub+tlm_coord_y_sub
1720,863,69.000000,tlm_coord_x_sub+tlm_coord_y_sub
1858,932,68.000000,tlm_coord_x_sub+tlm_coord_y_sub
1995,1001,60.000000,tlm_coord_x_sub+tlm_coord_y_sub
2133,1014,0.000000,tlm_coord_x_sub+tlm_coord_y_sub
2270,994,0.000000,tlm_coord_x_sub+tlm_coord_y_sub
2408,974,0.000000,tlm_coord_x_sub+tlm_coord_y_sub
2546,955,0.000000,tlm_coord_x_sub+tlm_coord_y_sub
2683,935,0.000000,tlm_coord_x_sub+tlm_coord_y_sub
2821,915,0.000000,tlm_coord_x_sub+tlm_coord_y_sub
2959,896,0.000000,tlm_coord_x_sub+tlm_coord_y_sub
3096,876,0.000000,tlm_coord_x_sub+tlm_coord_y_sub
3234,856,0.000000,tlm_coord_x_sub+tlm_coord_y_sub
3371,837,0.000000,tlm_coord_x_sub+tlm_coord_y_sub
3509,817,0.000000,tlm_coord_x_sub+tlm_coord_y_sub
3647,797,0.000000,tlm_coord_x_sub+tlm_coord_y_sub
3784,778,0.000000,tlm_coord_x_sub+tlm_coord_y_sub
3922,770,0.000000,tlm_coord_x_sub+tlm_coord_y_sub
4060,770,0.000000,tlm_coord_x_sub+tlm_coord_y_sub
4197,770,0.000000,tlm_coord_x_sub+tlm_coord_y_sub
4335,770,0.000000,tlm_coord_x_sub+tlm_coord_y_sub
4472,769,0.000000,tlm_coord_x_sub+tlm_coord_y_sub
4610,769,6.000000,tlm_coord_x_sub+tlm_coord_y_sub
4748,816,39.000000,tlm_coord_x_sub+tlm_coord_y_sub
4885,819,7.486924,tlm_coord_x_sub+tlm_coord_y_sub
5023,797,0.000000,tlm_coord_x_sub+tlm_coord_y_sub
5161,776,0.000000,tlm_coord_x_sub+tlm_coord_y_sub
5298,774,8.081560,tlm_coord_x_sub+tlm_coord_y_sub
5436,784,1.515293,tlm_coord_x_sub+tlm_coord_y_sub
5573,769,0.000000,tlm_coord_x_sub+tlm_coord_y_sub
5711,768,0.000000,tlm_coord_x_sub+tlm_coord_y_sub
5849,768,0.000000,tlm_coord_x_sub+tlm_coord_y_sub
5986,768,0.000000,tlm_coord_x_sub+tlm_coord_y_sub
6124,768,0.000000,tlm_coord_x_sub+tlm_coord_y_sub
6262,768,0.000000,tlm_coord_x_sub+tlm_coord_y_sub
6399,719,0.000000,tlm_coord_x_sub+tlm_coord_y_sub
6537,581,0.000000,tlm_coord_x_sub+tlm_coord_y_sub
6674,768,0.000000,tlm_coord_x_sub+tlm_coord_y_sub
6812,768,0.000000,tlm_coord_x_sub+tlm_coord_y_sub
6950,768,0.000000,tlm_coord_x_sub+tlm_coord_y_sub
7087,768,0.000000,tlm_coord_x_sub+tlm_coord_y_sub
7225,768,0.000000,tlm_coord_x_sub+tlm_coord_y_sub
7363,768,0.000000,tlm_coord_x_sub+tlm_coord_y_sub
7500,769,0.000000,tlm_coord_x_sub+tlm_coord_y_sub
7638,770,0.000000,tlm_coord_x_sub+tlm_coord_y_sub
7775,770,0.000000,tlm_coord_x_sub+tlm_coord_y_sub
7913,770,0.000000,tlm_coord_x_sub+tlm_coord_y_sub
8051,770,0.000000,tlm_coord_x_sub+tlm_coord_y_sub
8188,794,59.000000,tlm_coord_x_sub+tlm_coord_y_sub
8326,863,69.000000,tlm_coord_x_sub+tlm_coord_y_sub
8464,932,68.000000,tlm_coord_x_sub+tlm_coord_y_sub
8601,1001,60.000000,tlm_coord_x_sub+tlm_coord_y_sub
8739,1014,0.000000,tlm_coord_x_sub+tlm_coord_y_sub
8876,994,0.000000,tlm_coord_x_sub+tlm_coord_y_sub
9014,974,0.000000,tlm_coord_x_sub+tlm_coord_y_sub
9152,955,0.000000,tlm_coord_x_sub+tlm_coord_y_sub
9289,935,0.000000,tlm_coord_x_sub+tlm_coord_y_sub
9427,915,0.000000,tlm_coord_x_sub+tlm_coord_y_sub
9565,896,0.000000,tlm_coord_x_sub+tlm_coord_y_sub
9702,876,0.000000,tlm_coord_x_sub+tlm_coord_y_sub
9840,856,0.000000,tlm_coord_x_sub+tlm_coord_y_sub
9977,837,0.000000,tlm_coord_x_sub+tlm_coord_y_sub
10115,817,0.000000,tlm_coord_x_sub+tlm_coord_y_sub
10253,797,0.000000,tlm_coord_x_sub+tlm_coord_y_sub
10390,778,0.000000,tlm_coord_x_sub+tlm_coord_y_sub
10528,770,0.000000,tlm_coord_x_sub+tlm_coord_y_sub
10666,770,0.000000,tlm_coord_x_sub+tlm_coord_y_sub
10803,770,0.000000,tlm_coord_x_sub+tlm_coord_y_sub
10941,770,0.000000,tlm_coord_x_sub+tlm_coord_y_sub
11078,769,0.000000,tlm_coord_x_sub+tlm_coord_y_sub
11216,769,6.000000,tlm_coord_x_sub+tlm_coord_y_sub
11354,816,39.000000,tlm_coord_x_sub+tlm_coord_y_sub
11491,819,7.482713,tlm_coord_x_sub+tlm_coord_y_sub
11629,797,0.000000,tlm_coord_x_sub+tlm_coord_y_sub
11767,776,0.000000,tlm_coord_x_sub+tlm_coord_y_sub
11904,774,8.150709,tlm_coord_x_sub+tlm_coord_y_sub
12042,784,1.528258,tlm_coord_x_sub+tlm_coord_y_sub
12179,769,0.000000,tlm_coord_x_sub+tlm_coord_y_sub
12317,768,0.000000,tlm_coord_x_sub+tlm_coord_y_sub
12455,768,0.000000,tlm_coord_x_sub+tlm_coord_y_sub
12592,768,0.000000,tlm_coord_x_sub+tlm_coord_y_sub
12730,768,0.000000,tlm_coord_x_sub+tlm_coord_y_sub
12868,768,0.000000,tlm_coord_x_sub+tlm_coord_y_sub
13005,719,0.000000,tlm_coord_x_sub+tlm_coord_y_sub
13143,581,0.000000,tlm_coord_x_sub+tlm_coord_y_sub
21184,1026,2278.695257,tlm_inverse
37129,1042,2275.376884,tlm_inverse
53073,1043,2280.477283,tlm_inverse
69018,1035,2284.895833,tlm_inverse
84963,1039,2303.573692,tlm_inverse
100907,1052,2288.575798,tlm_inverse
116852,1059,2269.474291,tlm_inverse
132796,1046,2285.408910,tlm_inverse
148741,1084,2289.646277,tlm_inverse
164686,1104,2260.902815,tlm_inverse
180630,1111,2240.757646,tlm_inverse
196575,1149,2237.498559,tlm_inverse
212520,1060,2179.650709,tlm_inverse
228464,1123,2229.017952,tlm_inverse
244409,1149,2201.926529,tlm_inverse
260353,1052,2212.700355,tlm_inverse
276298,1052,2217.811170,tlm_inverse
292243,1053,2197.418218,tlm_inverse
308187,1085,2225.092753,tlm_inverse
324132,1053,2117.861480,tlm_inverse
340077,1054,2189.190049,tlm_inverse
356021,1055,2220.476729,tlm_inverse
371966,1073,2128.625776,tlm_inverse
387910,1085,2163.367575,tlm_inverse
403855,1101,2224.369902,tlm_inverse
419800,1055,2214.663785,tlm_inverse
435744,1077,2216.338098,tlm_inverse
451689,1098,2226.735040,tlm_inverse
467634,1119,2230.759309,tlm_inverse
483578,1113,2218.932735,tlm_inverse
499523,1087,2210.187832,tlm_inverse
515467,1062,2225.854056,tlm_inverse
531412,1085,2202.290337,tlm_inverse
547357,1095,2198.417886,tlm_inverse
563301,1106,2194.675643,tlm_inverse
579246,1128,2195.322473,tlm_inverse
595190,1134,2192.041334,tlm_inverse
611135,1139,2172.927637,tlm_inverse
627080,1114,2193.010527,tlm_inverse
643024,1117,2190.279920,tlm_inverse
658969,1121,2173.625665,tlm_inverse
674914,1092,2184.277926,tlm_inverse
690858,1108,2191.144393,tlm_inverse
706803,1123,2166.964207,tlm_inverse
722747,1105,2189.083887,tlm_inverse
738692,1129,2186.222185,tlm_inverse
754637,1144,2169.285904,tlm_inverse
770581,1144,2175.929078,tlm_inverse
786526,1131,2168.710550,tlm_inverse
802471,1114,2168.099734,tlm_inverse
818415,1111,2164.678524,tlm_inverse
834360,1090,2143.088320,tlm_inverse
850304,1069,2160.619792,tlm_inverse
866249,1072,2139.184286,tlm_inverse
882194,1121,2133.016401,tlm_inverse
898138,1093,2145.397052,tlm_inverse
914083,1128,2151.059840,tlm_inverse
930028,1100,2140.072695,tlm_inverse
945972,1071,2137.039007,tlm_inverse
961917,1065,2193.266401,tlm_inverse
977861,1113,2220.453347,tlm_inverse
993806,1084,2181.565049,tlm_inverse
1009751,1065,2141.761192,tlm_inverse
1025695,1069,2226.931294,tlm_inverse
1041640,1068,2188.003657,tlm_inverse
1057585,1069,2138.519725,tlm_inverse
1073529,1096,2149.626219,tlm_inverse
1089474,1069,2145.630984,tlm_inverse
1105418,1070,2153.223404,tlm_inverse
1121363,1149,2163.372673,tlm_inverse
1137308,1132,2126.416888,tlm_inverse
1153252,1076,2170.267841,tlm_inverse
1169197,1130,2124.869016,tlm_inverse
1185141,1093,2119.531028,tlm_inverse
1201086,1083,2070.392620,tlm_inverse
1217031,1084,2084.465536,tlm_inverse
1232975,1071,2073.989473,tlm_inverse
1248920,1098,2074.136414,tlm_inverse
1264865,1074,2073.889960,tlm_inverse
1280809,1073,2077.364583,tlm_inverse
1296754,1072,2084.070368,tlm_inverse
1312698,1136,2201.723626,tlm_inverse
1328643,1094,2110.013076,tlm_inverse
1344588,1109,2186.194149,tlm_inverse
1360532,1118,2122.153147,tlm_inverse
1376477,1152,2138.204787,tlm_inverse
1392422,1079,2109.245678,tlm_inverse
1408366,1090,2058.905807,tlm_inverse
1424311,1115,2051.922872,tlm_inverse
1440255,1123,2127.120567,tlm_inverse
1456200,1124,2152.967199,tlm_inverse
1472145,1094,2245.646055,tlm_inverse
1488089,1079,2095.499003,tlm_inverse
1504034,1080,2113.488586,tlm_inverse
1519979,1149,2111.484486,tlm_inverse
1535923,1149,2114.895390,tlm_inverse
1551868,1082,2049.573582,tlm_inverse
1567812,1081,2001.534685,tlm_inverse
1583757,1096,1997.691933,tlm_inverse
1599702,1080,2030.601064,tlm_inverse
1615646,1081,1996.392066,tlm_inverse
1631591,1120,2151.742243,tlm_inverse
1647536,1123,2143.550864,tlm_inverse
1663480,1108,2111.990802,tlm_inverse
1679425,1095,2067.261968,tlm_inverse
1695369,1093,1981.445257,tlm_inverse
1711314,1098,2070.127660,tlm_inverse
1727259,1085,2165.259530,tlm_inverse
1743203,1090,2187.843972,tlm_inverse
1759148,1118,2073.563276,tlm_inverse
1775092,1149,2087.015293,tlm_inverse
1791037,1144,2075.256095,tlm_inverse
1806982,1095,1963.911902,tlm_inverse
1822926,1114,1956.147606,tlm_inverse
1838871,1088,1974.083666,tlm_inverse
1854816,1086,1976.252770,tlm_inverse
1870760,1151,2154.204676,tlm_inverse
1886705,1136,2100.639517,tlm_inverse
1902649,1100,2030.417996,tlm_inverse
1918594,1109,1949.400820,tlm_inverse
1934539,1127,2153.645833,tlm_inverse
1950483,1089,2167.298205,tlm_inverse
1966428,1132,2083.614029,tlm_inverse
1982373,1128,2078.524158,tlm_inverse
1998317,1114,1962.182402,tlm_inverse
2014262,1105,1910.683732,tlm_inverse
2030206,1093,1933.681184,tlm_inverse
2046151,1091,2015.591090,tlm_inverse
2062096,1145,2082.481605,tlm_inverse
2078040,1152,2032.636857,tlm_inverse
2093985,1097,1940.822584,tlm_inverse
2109930,1104,2109.216423,tlm_inverse
2125874,1092,2169.205674,tlm_inverse
2141819,1101,2077.151928,tlm_inverse
2157763,1137,2029.846520,tlm_inverse
2173708,1092,1883.246454,tlm_inverse
2189653,1094,1888.077682,tlm_inverse
2205597,1113,2010.617575,tlm_inverse
2221542,1101,2077.077682,tlm_inverse
2237487,1150,1919.968196,tlm_inverse
2253431,1115,2117.040780,tlm_inverse
2269376,1130,2139.421543,tlm_inverse
2285320,1097,2074.404255,tlm_inverse
2301265,1112,1959.937722,tlm_inverse
2317210,1097,1844.708444,tlm_inverse
2333154,1097,1889.111924,tlm_inverse
2349099,1137,2096.732934,tlm_inverse
2365043,1131,1959.426640,tlm_inverse
2380988,1113,2148.859153,tlm_inverse
2396933,1111,2116.668218,tlm_inverse
2412877,1138,2048.368684,tlm_inverse
2428822,1098,1839.888298,tlm_inverse
2444767,1098,1835.663785,tlm_inverse
2460711,1145,2030.540559,tlm_inverse
2476656,1121,1964.298094,tlm_inverse
2492600,1135,2168.033799,tlm_inverse
2508545,1120,2099.092088,tlm_inverse
2524490,1133,2039.716423,tlm_inverse
2540434,1124,1793.204787,tlm_inverse
2556379,1101,1836.250997,tlm_inverse
2572324,1134,2093.708887,tlm_inverse
2588268,1137,1971.127881,tlm_inverse
2604213,1102,2200.083998,tlm_inverse
2620157,1105,2069.400266,tlm_inverse
2636102,1107,1831.974623,tlm_inverse
2652047,1103,1804.545988,tlm_inverse
2667991,1146,2059.904477,tlm_inverse
2683936,1150,2040.054410,tlm_inverse
2699881,1105,2157.491689,tlm_inverse
2715825,1106,2059.558732,tlm_inverse
2731770,1118,1776.079676,tlm_inverse
2747714,1128,1883.293551,tlm_inverse
2763659,1131,1983.898160,tlm_inverse
2779604,1127,2248.540780,tlm_inverse
2795548,1114,2034.015071,tlm_inverse
2811493,1128,1898.776817,tlm_inverse
2827438,1108,1781.606494,tlm_inverse
2843382,1128,2029.347296,tlm_inverse
2859327,1130,2068.492908,tlm_inverse
2875271,1151,2143.131649,tlm_inverse
2891216,1146,1960.722185,tlm_inverse
2907161,1112,1766.627992,tlm_inverse
2923105,1138,1970.337544,tlm_inverse
2939050,1123,1858.098848,tlm_inverse
2954994,1127,2228.595301,tlm_inverse
2970939,1114,1943.339761,tlm_inverse
2986884,1124,1772.083112,tlm_inverse
3002828,1113,1706.967642,tlm_inverse
3018773,1147,1812.282580,tlm_inverse
3034718,1132,1858.726285,tlm_inverse
3050662,1127,1934.429300,tlm_inverse
3066607,1146,2051.488254,tlm_inverse
3082551,1114,1952.940160,tlm_inverse
3098496,1128,1687.308843,tlm_inverse
3114441,1143,1706.012965,tlm_inverse
3130385,1126,1916.708333,tlm_inverse
3146330,1131,1933.351840,tlm_inverse
3162275,1149,2041.152261,tlm_inverse
3178219,1152,1918.090980,tlm_inverse
3194164,1119,1655.525377,tlm_inverse
3210108,1146,1761.930519,tlm_inverse
3226053,1133,1798.848404,tlm_inverse
3241998,1138,2135.702793,tlm_inverse
3257942,1130,1968.960660,tlm_inverse
3273887,1135,1679.632979,tlm_inverse
3289832,1129,1669.702571,tlm_inverse
3305776,1146,1813.733045,tlm_inverse
3321721,1140,2094.733710,tlm_inverse
3337665,1122,1963.070146,tlm_inverse
3353610,1123,1640.151263,tlm_inverse
3369555,1132,1659.431184,tlm_inverse
3385499,1144,1744.925199,tlm_inverse
3401444,1128,2095.086436,tlm_inverse
3417389,1121,1914.227061,tlm_inverse
3433333,1125,1606.804743,tlm_inverse
3449278,1128,1646.307181,tlm_inverse
3465222,1146,1822.398825,tlm_inverse
3481167,1146,2012.712988,tlm_inverse
3497112,1150,1822.050975,tlm_inverse
3513056,1125,1541.690492,tlm_inverse
3529001,1144,1701.308400,tlm_inverse
3544945,1149,2070.514295,tlm_inverse
3560890,1145,1841.492908,tlm_inverse
3576835,1122,1514.304189,tlm_inverse
3592779,1139,1655.880541,tlm_inverse
3608724,1134,2075.294770,tlm_inverse
3624669,1144,1823.988032,tlm_inverse
3640613,1152,1554.404034,tlm_inverse
3656558,1149,1921.028812,tlm_inverse
3672502,1136,2157.750554,tlm_inverse
3688447,1152,1729.447806,tlm_inverse
3704392,1152,2746.560062,tlm_inverse
3720336,1147,2392.061281,tlm_inverse
3736281,1152,2211.274047,tlm_inverse
3752226,877,1768.435616,tlm_inverse
3768170,903,1978.692043,tlm_inverse
3784115,895,2055.303856,tlm_inverse
3800059,860,2093.777926,tlm_inverse
3816004,886,2205.359486,tlm_inverse
3831949,879,2290.287234,tlm_inverse
3847893,888,2356.203347,tlm_inverse
3863838,867,2423.787123,tlm_inverse
3879783,881,2389.338320,tlm_inverse
3895727,862,2515.472961,tlm_inverse
3911672,852,2510.251995,tlm_inverse
3927616,935,2560.651707,tlm_inverse
3943561,842,2605.465204,tlm_inverse
3959506,841,2582.961769,tlm_inverse
3975450,838,2632.923426,tlm_inverse
3991395,850,2678.204012,tlm_inverse
4007340,836,2627.664118,tlm_inverse
4023284,957,2664.160904,tlm_inverse
4039229,867,2739.799424,tlm_inverse
4055173,980,2701.147163,tlm_inverse
4071118,855,2696.775155,tlm_inverse
4087063,833,2737.821254,tlm_inverse
4103007,830,2731.414007,tlm_inverse
4118952,824,2801.938941,tlm_inverse
4134896,824,2767.370900,tlm_inverse
4150841,825,2809.224291,tlm_inverse
4166786,830,2767.871454,tlm_inverse
4182730,860,2844.403369,tlm_inverse
4198675,984,2827.516844,tlm_inverse
4214620,817,2842.787345,tlm_inverse
4230564,836,2831.634973,tlm_inverse
4246509,1009,2798.873670,tlm_inverse
4262453,814,2896.040780,tlm_inverse
4278398,1013,2825.155363,tlm_inverse
4294343,852,2956.914118,tlm_inverse
4310287,810,2765.670213,tlm_inverse
4326232,1005,2902.884309,tlm_inverse
4342177,850,2970.535572,tlm_inverse
4358121,841,2862.315492,tlm_inverse
4374066,805,2837.740470,tlm_inverse
4390010,1029,2972.895058,tlm_inverse
4405955,996,2865.771609,tlm_inverse
4421900,941,2975.920878,tlm_inverse
4437844,903,2965.494792,tlm_inverse
4453789,884,2925.947695,tlm_inverse
4469734,884,2937.245013,tlm_inverse
4485678,904,2905.015847,tlm_inverse
4501623,943,2882.920878,tlm_inverse
4517567,1000,2999.770723,tlm_inverse
4533512,1047,2856.790780,tlm_inverse
4549457,798,3022.429300,tlm_inverse
4565401,787,3037.396941,tlm_inverse
4581346,794,3046.072473,tlm_inverse
4597290,773,3078.316046,tlm_inverse
4605478,512,0.000000,tlm_coord_add3x
4605910,512,0.000000,tlm_coord_add3x
4606342,512,0.000000,tlm_coord_add3x
4606774,512,0.000000,tlm_coord_add3x
4607206,512,0.000000,tlm_coord_add3x
4607638,512,0.000000,tlm_coord_add3x
4608070,512,0.000000,tlm_coord_add3x
4608502,512,0.000000,tlm_coord_add3x
4608934,512,0.000000,tlm_coord_add3x
4609366,512,0.000000,tlm_coord_add3x
4609798,512,0.000000,tlm_coord_add3x
4610230,512,0.000000,tlm_coord_add3x
4610662,512,0.000000,tlm_coord_add3x
4611094,512,0.000000,tlm_coord_add3x
4611525,512,0.000000,tlm_coord_add3x
4611957,512,0.000000,tlm_coord_add3x
4612389,512,0.000000,tlm_coord_add3x
4612821,512,0.000000,tlm_coord_add3x
4613253,512,0.000000,tlm_coord_add3x
4613685,512,0.000000,tlm_coord_add3x
4614117,512,0.000000,tlm_coord_add3x
4614549,512,0.000000,tlm_coord_add3x
4614981,512,0.000000,tlm_coord_add3x
4615413,512,0.000000,tlm_coord_add3x
4615845,512,0.000000,tlm_coord_add3x
4616277,512,0.000000,tlm_coord_add3x
4616709,512,0.000000,tlm_coord_add3x
4617141,512,0.000000,tlm_coord_add3x
4617572,512,0.000000,tlm_coord_add3x
4618004,512,0.000000,tlm_coord_add3x
4618436,512,0.000000,tlm_coord_add3x
4618868,512,0.000000,tlm_coord_add3x
4619300,512,0.000000,tlm_coord_add3x
4619732,512,0.000000,tlm_coord_add3x
4620164,512,0.000000,tlm_coord_add3x
4620596,512,0.000000,tlm_coord_add3x
4621028,512,0.000000,tlm_coord_add3x
4621460,512,0.000000,tlm_coord_add3x
4621892,512,0.000000,tlm_coord_add3x
4622324,512,0.000000,tlm_coord_add3x
4622756,512,0.000000,tlm_coord_add3x
4623188,512,0.000000,tlm_coord_add3x
4623619,512,0.000000,tlm_coord_add3x
4624051,512,0.000000,tlm_coord_add3x
4624483,512,0.000000,tlm_coord_add3x
4624915,512,0.000000,tlm_coord_add3x
4625347,512,0.000000,tlm_coord_add3x
4625779,512,0.000000,tlm_coord_add3x
4626211,512,0.000000,tlm_coord_add3x
4626643,512,0.000000,tlm_coord_add3x
4627075,512,0.000000,tlm_coord_add3x
4627507,512,0.000000,tlm_coord_add3x
4627939,512,0.000000,tlm_coord_add3x
4628371,512,0.000000,tlm_coord_add3x
4628803,512,0.000000,tlm_coord_add3x
4629234,512,0.000000,tlm_coord_add3x
4629666,512,0.000000,tlm_coord_add3x
4630098,512,0.000000,tlm_coord_add3x
4630530,512,0.000000,tlm_coord_add3x
4630962,512,0.000000,tlm_coord_add3x
4631394,512,0.000000,tlm_coord_add3x
4631826,512,0.000000,tlm_coord_add3x
4632258,512,0.000000,tlm_coord_add3x
4632690,512,0.000000,tlm_coord_add3x
4633122,512,0.000000,tlm_coord_add3x
4633554,512,0.000000,tlm_coord_add3x
4633986,512,0.000000,tlm_coord_add3x
4634418,512,0.000000,tlm_coord_add3x
4634850,512,0.000000,tlm_coord_add3x
4635281,512,0.000000,tlm_coord_add3x
4635713,512,0.000000,tlm_coord_add3x
4636145,512,0.000000,tlm_coord_add3x
4636577,512,0.000000,tlm_coord_add3x
4637009,512,0.000000,tlm_coord_add3x
4637441,512,0.000000,tlm_coord_add3x
4637873,512,0.000000,tlm_coord_add3x
4638305,512,0.000000,tlm_coord_add3x
4638737,512,0.000000,tlm_coord_add3x
4639169,512,0.000000,tlm_coord_add3x
4639601,512,0.000000,tlm_coord_add3x
4640033,512,0.000000,tlm_coord_add3x
4640465,512,0.000000,tlm_coord_add3x
4640897,768,0.000000,tlm_coord_add3x
4641328,770,0.000000,tlm_coord_add3x
4641760,770,88.000000,tlm_coord_add3x
4642192,966,168.000000,tlm_coord_add3x
4642624,982,0.000000,tlm_coord_add3x
4643056,920,0.000000,tlm_coord_add3x
4643488,858,0.000000,tlm_coord_add3x
4643920,796,0.000000,tlm_coord_add3x
4644352,770,0.000000,tlm_coord_add3x
4644784,819,52.478723,tlm_coord_add3x
4645216,779,9.672651,tlm_coord_add3x
4645648,768,0.000000,tlm_coord_add3x
4646080,768,0.000000,tlm_coord_add3x
4646512,512,0.000000,tlm_coord_add3x
4647935,901,383.000000,tlm_square
4650351,901,253.000000,tlm_square
4652766,901,249.000000,tlm_square
4655182,901,168.000000,tlm_square
4657597,901,198.000000,tlm_square
4660013,901,239.000000,tlm_square
4662428,901,235.000000,tlm_square
4664844,901,231.000000,tlm_square
4667259,901,227.000000,tlm_square
4669675,901,222.000000,tlm_square
4672090,901,214.000000,tlm_square
4674505,901,220.000000,tlm_square
4676921,901,212.000000,tlm_square
4679336,901,207.000000,tlm_square
4681752,901,203.000000,tlm_square
4684167,901,199.000000,tlm_square
4686583,901,216.000000,tlm_square
4688998,901,264.000000,tlm_square
4691414,901,185.000000,tlm_square
4693829,901,211.000000,tlm_square
4696245,901,234.000000,tlm_square
4698660,901,204.000000,tlm_square
4701075,901,216.000000,tlm_square
4703491,901,240.000000,tlm_square
4705906,901,214.000000,tlm_square
4708322,901,205.000000,tlm_square
4710737,901,221.000000,tlm_square
4713153,901,230.000000,tlm_square
4715568,901,195.000000,tlm_square
4717984,901,223.000000,tlm_square
4720399,901,197.000000,tlm_square
4722814,901,218.000000,tlm_square
4725230,901,231.000000,tlm_square
4727645,901,201.000000,tlm_square
4730061,901,228.000000,tlm_square
4732476,901,220.000000,tlm_square
4734892,901,198.000000,tlm_square
4737307,901,212.000000,tlm_square
4739723,1029,438.000000,tlm_square
4742138,1029,596.000000,tlm_square
4744554,1132,209.000000,tlm_square
4746969,1028,61.997340,tlm_square
4749384,1050,177.526707,tlm_square
4751800,1023,170.000000,tlm_square
4754215,1022,3.502770,tlm_square
4756631,1081,173.462101,tlm_square
4759046,1017,166.000000,tlm_square
4761462,1065,3.503214,tlm_square
4763877,1068,149.000000,tlm_square
4766293,901,481.502105,tlm_square
4768708,1029,547.000000,tlm_square
4771124,901,195.000000,tlm_square
4773539,901,211.000000,tlm_square
4775954,901,224.000000,tlm_square
4778370,901,226.000000,tlm_square
4780785,901,217.000000,tlm_square
4783201,901,202.000000,tlm_square
4785616,901,210.000000,tlm_square
4788032,901,226.000000,tlm_square
4790447,901,242.000000,tlm_square
4792863,901,192.000000,tlm_square
4795278,901,205.000000,tlm_square
4797693,901,230.000000,tlm_square
4800109,901,213.000000,tlm_square
4802524,901,210.000000,tlm_square
4804940,901,237.000000,tlm_square
4807355,901,246.000000,tlm_square
4809771,901,169.000000,tlm_square
4812186,901,261.000000,tlm_square
4814602,901,179.000000,tlm_square
4817017,901,255.000000,tlm_square
4819433,901,210.000000,tlm_square
4821848,901,193.000000,tlm_square
4824263,901,217.000000,tlm_square
4826679,901,247.000000,tlm_square
4829094,901,241.000000,tlm_square
4831510,901,213.000000,tlm_square
4833925,901,215.000000,tlm_square
4836341,901,219.000000,tlm_square
4838756,901,223.000000,tlm_square
4841172,901,227.000000,tlm_square
4843587,901,200.000000,tlm_square
4846003,901,191.000000,tlm_square
4848418,901,194.000000,tlm_square
4850833,901,241.000000,tlm_square
4853249,901,245.000000,tlm_square
4855664,901,238.000000,tlm_square
4858080,901,160.000000,tlm_square
4860495,901,232.000000,tlm_square
4862911,899,237.000000,tlm_square
4865326,899,161.000000,tlm_square
4867742,899,227.000000,tlm_square
4870157,899,243.000000,tlm_square
4872572,899,239.000000,tlm_square
4874988,899,212.000000,tlm_square
4877403,899,192.000000,tlm_square
4879819,899,200.000000,tlm_square
4882234,899,207.000000,tlm_square
4884650,899,215.000000,tlm_square
4887065,899,219.000000,tlm_square
4889481,899,227.000000,tlm_square
4891896,899,235.000000,tlm_square
4894312,899,242.000000,tlm_square
4896727,899,221.000000,tlm_square
4899142,899,195.000000,tlm_square
4901558,899,191.000000,tlm_square
4903973,899,265.000000,tlm_square
4906389,899,195.000000,tlm_square
4908804,899,216.000000,tlm_square
4911220,899,219.000000,tlm_square
4913635,899,236.000000,tlm_square
4916051,899,174.000000,tlm_square
4918466,899,234.000000,tlm_square
4920882,899,225.000000,tlm_square
4923297,899,216.000000,tlm_square
4925712,899,207.000000,tlm_square
4928128,899,221.000000,tlm_square
4930543,899,227.000000,tlm_square
4932959,899,221.000000,tlm_square
4935374,899,208.000000,tlm_square
4937790,899,225.000000,tlm_square
4940205,899,196.000000,tlm_square
4942621,899,227.000000,tlm_square
4945036,899,210.000000,tlm_square
4947451,899,218.000000,tlm_square
4949867,899,205.000000,tlm_square
4952282,899,400.000000,tlm_square
4954698,1026,529.000000,tlm_square
4957113,899,464.000000,tlm_square
4959529,907,51.495789,tlm_square
4961944,1082,139.666334,tlm_square
4964360,1035,231.854610,tlm_square
4966775,1027,3.508090,tlm_square
4969191,1083,167.529255,tlm_square
4971606,1021,160.000000,tlm_square
4974021,1069,3.514517,tlm_square
4976437,1055,163.485040,tlm_square
4978852,1145,150.000000,tlm_square
4981268,899,410.509752,tlm_square
4983683,1026,574.000000,tlm_square
4986099,899,221.000000,tlm_square
4988514,899,221.000000,tlm_square
4990930,899,209.000000,tlm_square
4993345,899,205.000000,tlm_square
4995760,899,215.000000,tlm_square
4998176,899,240.000000,tlm_square
5000591,899,210.000000,tlm_square
5003007,899,226.000000,tlm_square
5005422,899,198.000000,tlm_square
5007838,899,236.000000,tlm_square
5010253,899,201.000000,tlm_square
5012669,899,210.000000,tlm_square
5015084,899,219.000000,tlm_square
5017500,899,228.000000,tlm_square
5019915,899,237.000000,tlm_square
5022330,899,203.000000,tlm_square
5024746,899,212.000000,tlm_square
5027161,899,241.000000,tlm_square
5029577,899,199.000000,tlm_square
5031992,899,210.000000,tlm_square
5034408,899,255.000000,tlm_square
5036823,899,193.000000,tlm_square
5039239,899,197.000000,tlm_square
5041654,899,222.000000,tlm_square
5044070,899,241.000000,tlm_square
5046485,899,233.000000,tlm_square
5048900,899,227.000000,tlm_square
5051316,899,219.000000,tlm_square
5053731,899,213.000000,tlm_square
5056147,899,206.000000,tlm_square
5058562,899,198.000000,tlm_square
5060978,899,194.000000,tlm_square
5063393,899,237.000000,tlm_square
5065809,899,241.000000,tlm_square
5068224,899,245.000000,tlm_square
5070639,899,192.000000,tlm_square
5073055,899,183.000000,tlm_square
5075470,899,254.000000,tlm_square
5077886,899,197.000000,tlm_square
5080301,899,178.000000,tlm_square
5082717,899,245.000000,tlm_square
5085132,899,241.000000,tlm_square
5087548,899,237.000000,tlm_square
5089963,899,197.000000,tlm_square
5092379,899,196.000000,tlm_square
5094794,899,203.000000,tlm_square
5097209,899,210.000000,tlm_square
5099625,899,217.000000,tlm_square
5102040,899,224.000000,tlm_square
5104456,899,231.000000,tlm_square
5106871,899,238.000000,tlm_square
5109287,899,237.000000,tlm_square
5111702,899,197.000000,tlm_square
5114118,899,193.000000,tlm_square
5116533,899,230.000000,tlm_square
5118949,899,235.000000,tlm_square
5121364,899,179.000000,tlm_square
5123779,899,261.000000,tlm_square
5126195,899,174.000000,tlm_square
5128610,899,241.000000,tlm_square
5131026,899,237.000000,tlm_square
5133441,899,206.000000,tlm_square
5135857,899,210.000000,tlm_square
5138272,899,226.000000,tlm_square
5140688,899,216.000000,tlm_square
5143103,899,192.000000,tlm_square
5145518,899,242.000000,tlm_square
5147934,899,210.000000,tlm_square
5150349,899,222.000000,tlm_square
5152765,899,198.000000,tlm_square
5155180,899,220.000000,tlm_square
5157596,899,213.000000,tlm_square
5160011,899,213.000000,tlm_square
5162427,899,207.000000,tlm_square
5164842,899,210.000000,tlm_square
5167258,1026,564.000000,tlm_square
5169673,899,520.000000,tlm_square
5172088,1027,141.136857,tlm_square
5174504,1145,170.000000,tlm_square
5176919,1023,169.462877,tlm_square
5179335,1056,3.510306,tlm_square
5181750,1060,163.000000,tlm_square
5184166,1017,160.520390,tlm_square
5186581,1024,152.496011,tlm_square
5188997,995,3.495346,tlm_square
5191412,1128,258.000000,tlm_square
5193828,898,60.983267,tlm_square
5196243,1151,252.000000,tlm_square
5198658,898,86.790337,tlm_square
5201074,897,182.984597,tlm_square
5203489,1131,250.000000,tlm_square
5205905,937,151.582558,tlm_square
5208320,947,219.490137,tlm_square
5210736,1028,246.000000,tlm_square
5213151,899,60.977394,tlm_square
5215567,910,209.985705,tlm_square
5217982,945,199.494902,tlm_square
5220397,944,115.527593,tlm_square
5222813,1020,224.000000,tlm_square
5225228,906,167.132646,tlm_square
5227644,932,207.477948,tlm_square
5230059,944,159.011857,tlm_square
5232475,898,209.004433,tlm_square
5234890,929,209.006981,tlm_square
5237306,944,163.508865,tlm_square
5239721,897,203.036569,tlm_square
5242137,926,209.023160,tlm_square
5244552,944,168.535239,tlm_square
5246967,899,546.512411,tlm_square
5249383,1026,536.000000,tlm_square
5251798,899,204.000000,tlm_square
5254214,899,227.000000,tlm_square
5256629,899,208.000000,tlm_square
5259045,899,227.000000,tlm_square
5261460,899,208.000000,tlm_square
5263876,899,225.000000,tlm_square
5266291,899,214.000000,tlm_square
5268707,899,230.000000,tlm_square
5271122,899,184.000000,tlm_square
5273537,899,257.000000,tlm_square
5275953,899,204.000000,tlm_square
5278368,899,213.000000,tlm_square
5280784,899,222.000000,tlm_square
5283199,899,231.000000,tlm_square
5285615,899,204.000000,tlm_square
5288030,899,201.000000,tlm_square
5290446,899,255.000000,tlm_square
5292861,899,175.000000,tlm_square
5295276,899,266.000000,tlm_square
5297692,899,189.000000,tlm_square
5300107,899,193.000000,tlm_square
5302523,899,262.000000,tlm_square
5304938,899,224.000000,tlm_square
5307354,899,203.000000,tlm_square
5309769,899,207.000000,tlm_square
5312185,899,211.000000,tlm_square
5314600,899,215.000000,tlm_square
5317016,899,219.000000,tlm_square
5319431,899,223.000000,tlm_square
5321846,899,227.000000,tlm_square
5324262,899,231.000000,tlm_square
5326677,899,235.000000,tlm_square
5329093,899,221.000000,tlm_square
5331508,899,177.000000,tlm_square
5333924,899,207.000000,tlm_square
5336339,899,249.000000,tlm_square
5338755,899,253.000000,tlm_square
5341170,643,256.000000,tlm_square
5350015,773,2844.000000,tlm_forward_multiply
5365291,870,2469.000000,tlm_forward_multiply
5380567,786,2856.000000,tlm_forward_multiply
5395843,855,2457.000000,tlm_forward_multiply
5411118,795,2784.000000,tlm_forward_multiply
5426394,849,2513.000000,tlm_forward_multiply
5441670,795,2684.000000,tlm_forward_multiply
5456945,797,2533.000000,tlm_forward_multiply
5472221,1041,2636.000000,tlm_forward_multiply
5487497,821,2664.000000,tlm_forward_multiply
5502772,890,2513.000000,tlm_forward_multiply
5518048,1035,2672.000000,tlm_forward_multiply
5533324,802,2658.000000,tlm_forward_multiply
5548600,862,2507.000000,tlm_forward_multiply
5563875,1024,2577.000000,tlm_forward_multiply
5579151,804,2689.000000,tlm_forward_multiply
5594427,805,2646.000000,tlm_forward_multiply
5609702,812,2551.000000,tlm_forward_multiply
5624978,869,2517.000000,tlm_forward_multiply
5640254,935,2629.000000,tlm_forward_multiply
5655529,981,2542.000000,tlm_forward_multiply
5670805,1008,2555.000000,tlm_forward_multiply
5686081,1015,2583.000000,tlm_forward_multiply
5701357,1000,2614.000000,tlm_forward_multiply
5716632,963,2606.000000,tlm_forward_multiply
5731908,907,2563.000000,tlm_forward_multiply
5747184,831,2603.000000,tlm_forward_multiply
5762459,816,2570.000000,tlm_forward_multiply
5777735,817,2491.000000,tlm_forward_multiply
5793011,999,2550.000000,tlm_forward_multiply
5808286,848,2629.000000,tlm_forward_multiply
5823562,828,2428.000000,tlm_forward_multiply
5838838,946,2608.000000,tlm_forward_multiply
5854114,840,2481.000000,tlm_forward_multiply
5869389,935,2553.000000,tlm_forward_multiply
5884665,838,2463.000000,tlm_forward_multiply
5899941,839,2546.000000,tlm_forward_multiply
5915216,970,2485.000000,tlm_forward_multiply
5930492,832,2421.000000,tlm_forward_multiply
5945768,858,2530.000000,tlm_forward_multiply
5961043,880,2478.000000,tlm_forward_multiply
5976319,866,2432.000000,tlm_forward_multiply
5991595,836,2484.000000,tlm_forward_multiply
6006871,968,2458.000000,tlm_forward_multiply
6022146,850,2408.000000,tlm_forward_multiply
6037422,841,2445.000000,tlm_forward_multiply
6052698,843,2377.000000,tlm_forward_multiply
6067973,947,2370.000000,tlm_forward_multiply
6083249,949,2389.000000,tlm_forward_multiply
6098525,947,2407.000000,tlm_forward_multiply
6113800,901,2328.000000,tlm_forward_multiply
6129076,885,2311.000000,tlm_forward_multiply
6144352,884,2323.000000,tlm_forward_multiply
6159627,910,2256.000000,tlm_forward_multiply
6174903,858,2239.000000,tlm_forward_multiply
6190179,857,2171.000000,tlm_forward_multiply
6205455,866,2109.000000,tlm_forward_multiply
6220730,900,2094.000000,tlm_forward_multiply
6236006,864,2053.000000,tlm_forward_multiply
6251282,896,2015.000000,tlm_forward_multiply
6266557,876,1834.000000,tlm_forward_multiply
6281833,1136,1967.418772,tlm_forward_multiply
6297109,1134,2502.079122,tlm_forward_multiply
6312384,1140,2602.928302,tlm_forward_multiply
6327660,1135,1987.734818,tlm_forward_multiply
6342936,1136,1993.198360,tlm_forward_multiply
6358212,1130,1762.977948,tlm_forward_multiply
6373487,1134,1806.338209,tlm_forward_multiply
6388763,1134,1880.455120,tlm_forward_multiply
6404039,1124,1827.651596,tlm_forward_multiply
6419314,1144,1540.490691,tlm_forward_multiply
6434590,1150,1985.645279,tlm_forward_multiply
6449866,1147,1858.941600,tlm_forward_multiply
6465141,1123,1669.542996,tlm_forward_multiply
6480417,1140,1792.191379,tlm_forward_multiply
6495693,1143,1862.682624,tlm_forward_multiply
6510969,1150,1911.745678,tlm_forward_multiply
6526244,1138,1628.389074,tlm_forward_multiply
6541520,1152,1793.322363,tlm_forward_multiply
6556796,1141,1878.844858,tlm_forward_multiply
6572071,1145,1891.539894,tlm_forward_multiply
6587347,1123,1722.005652,tlm_forward_multiply
6602623,1124,1610.724623,tlm_forward_multiply
6617898,1151,2051.398050,tlm_forward_multiply
6633174,1150,1810.413675,tlm_forward_multiply
6648450,1120,1906.796321,tlm_forward_multiply
6663726,1136,1604.084885,tlm_forward_multiply
6679001,1126,2008.636968,tlm_forward_multiply
6694277,1130,1799.025488,tlm_forward_multiply
6709553,1149,1960.981383,tlm_forward_multiply
6724828,1134,1720.209441,tlm_forward_multiply
6740104,1139,1704.481161,tlm_forward_multiply
6755380,1144,2051.862921,tlm_forward_multiply
6770655,1131,1878.902261,tlm_forward_multiply
6785931,1117,1956.210771,tlm_forward_multiply
6801207,1136,1650.972850,tlm_forward_multiply
6816482,1133,1879.913010,tlm_forward_multiply
6831758,1151,1937.540337,tlm_forward_multiply
6847034,1126,1903.329012,tlm_forward_multiply
6862310,1115,1942.803191,tlm_forward_multiply
6877585,1127,1708.155474,tlm_forward_multiply
6892861,1145,1776.735483,tlm_forward_multiply
6908137,1133,2056.871786,tlm_forward_multiply
6923412,1136,1842.897496,tlm_forward_multiply
6938688,1118,1943.727837,tlm_forward_multiply
6953964,1122,1852.295102,tlm_forward_multiply
6969239,1125,1678.910793,tlm_forward_multiply
6984515,1146,1935.219193,tlm_forward_multiply
6999791,1144,2040.855164,tlm_forward_multiply
7015067,1130,1845.250665,tlm_forward_multiply
7030342,1110,2066.695257,tlm_forward_multiply
7045618,1133,1788.152704,tlm_forward_multiply
7060894,1118,1989.474845,tlm_forward_multiply
7076169,1135,2130.621676,tlm_forward_multiply
7091445,1126,2055.443152,tlm_forward_multiply
7106721,1110,1936.735040,tlm_forward_multiply
7121996,1127,1777.480164,tlm_forward_multiply
7137272,1147,2265.723293,tlm_forward_multiply
7152548,1123,1982.530585,tlm_forward_multiply
7167824,1107,2075.553524,tlm_forward_multiply
7183099,1149,1821.926862,tlm_forward_multiply
7198375,1132,1990.729942,tlm_forward_multiply
7213651,1152,2167.204012,tlm_forward_multiply
7228926,1135,2004.156472,tlm_forward_multiply
7244202,1107,2068.957336,tlm_forward_multiply
7259478,1108,1774.993462,tlm_forward_multiply
7274753,1143,2025.522717,tlm_forward_multiply
7290029,1135,2178.306738,tlm_forward_multiply
7305305,1109,2007.697806,tlm_forward_multiply
7320581,1105,2084.715536,tlm_forward_multiply
7335856,1119,1804.138409,tlm_forward_multiply
7351132,1140,2037.478280,tlm_forward_multiply
7366408,1113,2164.242797,tlm_forward_multiply
7381683,1114,1991.728391,tlm_forward_multiply
7396959,1101,2090.964761,tlm_forward_multiply
7412235,1127,1905.029366,tlm_forward_multiply
7427510,1114,1827.030142,tlm_forward_multiply
7442786,1146,2278.068595,tlm_forward_multiply
7458062,1128,2027.954233,tlm_forward_multiply
7473338,1103,2048.609153,tlm_forward_multiply
7488613,1100,2078.969747,tlm_forward_multiply
7503889,1101,1828.151485,tlm_forward_multiply
7519165,1141,2032.722296,tlm_forward_multiply
7534440,1140,2170.964096,tlm_forward_multiply
7549716,1106,2040.551197,tlm_forward_multiply
7564992,1118,2062.356605,tlm_forward_multiply
7580267,1111,2083.060395,tlm_forward_multiply
7595543,1105,1827.547983,tlm_forward_multiply
7610819,1147,2071.855053,tlm_forward_multiply
7626094,1151,2167.212877,tlm_forward_multiply
7641370,1123,2020.577460,tlm_forward_multiply
7656646,1143,2079.060727,tlm_forward_multiply
7671922,1096,2087.841645,tlm_forward_multiply
7687197,1149,1937.008422,tlm_forward_multiply
7702473,1096,1902.368462,tlm_forward_multiply
7717749,1109,2134.635195,tlm_forward_multiply
7733024,1102,2175.118573,tlm_forward_multiply
7748300,1131,2038.302194,tlm_forward_multiply
7763576,1141,2098.829233,tlm_forward_multiply
7778851,1092,2095.132092,tlm_forward_multiply
7794127,1149,1978.204676,tlm_forward_multiply
7809403,1094,1886.330895,tlm_forward_multiply
7824679,1145,2134.951463,tlm_forward_multiply
7839954,1103,2187.209885,tlm_forward_multiply
7855230,1139,2049.142287,tlm_forward_multiply
7870506,1121,2030.088209,tlm_forward_multiply
7885781,1097,2147.327238,tlm_forward_multiply
7901057,1091,2090.686392,tlm_forward_multiply
7916333,1149,2010.725288,tlm_forward_multiply
7931608,1103,1899.843528,tlm_forward_multiply
7946884,1090,2104.994016,tlm_forward_multiply
7962160,1142,2246.626330,tlm_forward_multiply
7977436,1129,2091.944592,tlm_forward_multiply
7992711,1112,2031.716090,tlm_forward_multiply
8007987,1133,2164.651707,tlm_forward_multiply
8023263,1086,2119.208112,tlm_forward_multiply
8038538,1096,2118.068595,tlm_forward_multiply
8053814,1097,1952.942487,tlm_forward_multiply
8069090,1087,1956.989140,tlm_forward_multiply
8084365,1088,2177.220966,tlm_forward_multiply
8099641,1120,2222.769393,tlm_forward_multiply
8114917,1152,2117.229610,tlm_forward_multiply
8130193,1096,2041.465869,tlm_forward_multiply
8145468,1127,2143.386414,tlm_forward_multiply
8160744,1084,2160.687057,tlm_forward_multiply
8176020,1085,2147.443595,tlm_forward_multiply
8191295,1111,2120.562278,tlm_forward_multiply
8206571,1109,1970.669991,tlm_forward_multiply
8221847,1084,2012.875000,tlm_forward_multiply
8237122,1083,2187.688497,tlm_forward_multiply
8252398,1135,2268.207225,tlm_forward_multiply
8267674,1152,2117.480053,tlm_forward_multiply
8282949,1131,2125.909464,tlm_forward_multiply
8298225,1088,2145.246121,tlm_forward_multiply
8313501,1084,2160.403923,tlm_forward_multiply
8328777,1080,2168.940160,tlm_forward_multiply
8344052,1104,2166.468307,tlm_forward_multiply
8359328,1149,2103.313387,tlm_forward_multiply
8374604,1086,1996.586104,tlm_forward_multiply
8389879,1078,2054.420324,tlm_forward_multiply
8405155,1077,2210.638963,tlm_forward_multiply
8420431,1139,2293.328347,tlm_forward_multiply
8435706,1103,2144.979167,tlm_forward_multiply
8450982,1093,2164.070811,tlm_forward_multiply
8466258,1119,2099.068927,tlm_forward_multiply
8481534,1110,2197.056627,tlm_forward_multiply
8496809,1089,2237.797651,tlm_forward_multiply
8512085,1075,2180.208444,tlm_forward_multiply
8527361,1097,2168.969193,tlm_forward_multiply
8542636,1098,2177.541223,tlm_forward_multiply
8557912,1084,2072.270390,tlm_forward_multiply
8573188,1074,2070.120124,tlm_forward_multiply
8588463,1089,2081.305408,tlm_forward_multiply
8603739,1073,2288.408134,tlm_forward_multiply
8619015,1080,2281.503989,tlm_forward_multiply
8634291,1132,2195.257646,tlm_forward_multiply
8649566,1138,2199.438941,tlm_forward_multiply
8664842,1127,2176.168551,tlm_forward_multiply
8680118,1116,2111.563608,tlm_forward_multiply
8695393,1097,2266.496121,tlm_forward_multiply
8710669,1071,2242.260084,tlm_forward_multiply
8725945,1068,2195.825576,tlm_forward_multiply
8741220,1069,2206.941822,tlm_forward_multiply
8756496,1149,2209.215647,tlm_forward_multiply
8771772,1081,2209.945146,tlm_forward_multiply
8787048,1098,2138.014849,tlm_forward_multiply
8802323,1076,2109.123670,tlm_forward_multiply
8817599,1072,2112.503546,tlm_forward_multiply
8832875,1104,2163.961104,tlm_forward_multiply
8848150,1068,2294.490359,tlm_forward_multiply
8863426,1114,2283.770058,tlm_forward_multiply
8878702,1126,2294.076684,tlm_forward_multiply
8893977,1124,2201.900044,tlm_forward_multiply
8909253,1152,2214.415226,tlm_forward_multiply
8924529,1090,2225.411348,tlm_forward_multiply
8939805,1139,2223.321587,tlm_forward_multiply
8955080,1085,2158.149490,tlm_forward_multiply
8970356,1123,2250.482824,tlm_forward_multiply
8985632,1113,2259.772828,tlm_forward_multiply
9000907,1061,2318.530918,tlm_forward_multiply
9016183,1062,2231.772496,tlm_forward_multiply
9031459,1063,2233.347739,tlm_forward_multiply
9046734,1111,2256.761192,tlm_forward_multiply
9062010,1149,2226.096742,tlm_forward_multiply
9077286,1107,2272.210993,tlm_forward_multiply
9092561,1149,2224.567930,tlm_forward_multiply
9107837,1112,2217.473072,tlm_forward_multiply
9123113,1109,2167.591755,tlm_forward_multiply
9138389,1081,2203.767952,tlm_forward_multiply
9153664,1070,2193.691157,tlm_forward_multiply
9168940,1060,2207.927416,tlm_forward_multiply
9184216,1066,2215.737810,tlm_forward_multiply
9199491,1074,2246.178635,tlm_forward_multiply
9214767,1059,2354.932846,tlm_forward_multiply
9230043,1058,2237.960550,tlm_forward_multiply
9245318,1140,2339.862921,tlm_forward_multiply
9260594,1094,2333.976507,tlm_forward_multiply
9275870,1063,2236.256316,tlm_forward_multiply
9291146,1133,2270.875332,tlm_forward_multiply
9306421,1084,2270.081228,tlm_forward_multiply
9321697,1152,2258.549978,tlm_forward_multiply
9336973,1151,2273.513187,tlm_forward_multiply
9352248,1108,2300.803302,tlm_forward_multiply
9367524,1086,2264.155253,tlm_forward_multiply
9382800,1068,2266.722961,tlm_forward_multiply
9398075,1130,2284.411348,tlm_forward_multiply
9413351,1118,2283.930740,tlm_forward_multiply
9428627,1083,2274.292664,tlm_forward_multiply
9443903,1059,2266.319814,tlm_forward_multiply
9459178,1084,2266.914229,tlm_forward_multiply
9474454,1132,2262.878989,tlm_forward_multiply
9489730,1103,2263.272163,tlm_forward_multiply
9505005,1097,2276.537899,tlm_forward_multiply
9520281,1071,2316.448471,tlm_forward_multiply
9535557,1097,2335.604388,tlm_forward_multiply
9550832,1098,2294.898604,tlm_forward_multiply
9566108,1095,2330.108932,tlm_forward_multiply
9581384,1066,2330.962434,tlm_forward_multiply
9596660,1064,2303.662566,tlm_forward_multiply
9611935,1064,2316.267509,tlm_forward_multiply
9627211,1041,2289.611591,tlm_forward_multiply
9642487,1040,2350.908134,tlm_forward_multiply
9657762,1037,2399.493905,tlm_forward_multiply
9673038,1036,2337.119459,tlm_forward_multiply
9688314,1035,2363.081006,tlm_forward_multiply
9703589,1045,2328.137301,tlm_forward_multiply
9718865,1149,2375.962877,tlm_forward_multiply
9734141,1071,2551.503768,tlm_forward_multiply
9741870,768,0.000000,tlm_coord_y_sub_final+tlm_coord_rsub_final
9742053,768,0.000000,tlm_coord_y_sub_final+tlm_coord_rsub_final
9742236,768,0.000000,tlm_coord_y_sub_final+tlm_coord_rsub_final
9742419,768,0.000000,tlm_coord_y_sub_final+tlm_coord_rsub_final
9742601,769,0.000000,tlm_coord_y_sub_final+tlm_coord_rsub_final
9742784,769,0.000000,tlm_coord_y_sub_final+tlm_coord_rsub_final
9742967,770,0.000000,tlm_coord_y_sub_final+tlm_coord_rsub_final
9743150,770,0.000000,tlm_coord_y_sub_final+tlm_coord_rsub_final
9743333,780,56.000000,tlm_coord_y_sub_final+tlm_coord_rsub_final
9743515,871,91.000000,tlm_coord_y_sub_final+tlm_coord_rsub_final
9743698,963,91.000000,tlm_coord_y_sub_final+tlm_coord_rsub_final
9743881,1018,18.000000,tlm_coord_y_sub_final+tlm_coord_rsub_final
9744064,992,0.000000,tlm_coord_y_sub_final+tlm_coord_rsub_final
9744246,966,0.000000,tlm_coord_y_sub_final+tlm_coord_rsub_final
9744429,940,0.000000,tlm_coord_y_sub_final+tlm_coord_rsub_final
9744612,914,0.000000,tlm_coord_y_sub_final+tlm_coord_rsub_final
9744795,888,0.000000,tlm_coord_y_sub_final+tlm_coord_rsub_final
9744978,862,0.000000,tlm_coord_y_sub_final+tlm_coord_rsub_final
9745160,835,0.000000,tlm_coord_y_sub_final+tlm_coord_rsub_final
9745343,809,0.000000,tlm_coord_y_sub_final+tlm_coord_rsub_final
9745526,783,0.000000,tlm_coord_y_sub_final+tlm_coord_rsub_final
9745709,770,0.000000,tlm_coord_y_sub_final+tlm_coord_rsub_final
9745891,770,0.000000,tlm_coord_y_sub_final+tlm_coord_rsub_final
9746074,770,0.000000,tlm_coord_y_sub_final+tlm_coord_rsub_final
9746257,769,0.000000,tlm_coord_y_sub_final+tlm_coord_rsub_final
9746440,769,28.000000,tlm_coord_y_sub_final+tlm_coord_rsub_final
9746623,819,24.486037,tlm_coord_y_sub_final+tlm_coord_rsub_final
9746805,796,0.000000,tlm_coord_y_sub_final+tlm_coord_rsub_final
9746988,769,1.489029,tlm_coord_y_sub_final+tlm_coord_rsub_final
9747171,789,7.941489,tlm_coord_y_sub_final+tlm_coord_rsub_final
9747354,769,0.000000,tlm_coord_y_sub_final+tlm_coord_rsub_final
9747536,768,0.000000,tlm_coord_y_sub_final+tlm_coord_rsub_final
9747719,768,0.000000,tlm_coord_y_sub_final+tlm_coord_rsub_final
9747902,768,0.000000,tlm_coord_y_sub_final+tlm_coord_rsub_final
9748085,768,0.000000,tlm_coord_y_sub_final+tlm_coord_rsub_final
9748268,630,0.000000,tlm_coord_y_sub_final+tlm_coord_rsub_final
9748450,512,0.000000,tlm_coord_y_sub_final+tlm_coord_rsub_final
9748633,512,0.000000,tlm_coord_y_sub_final+tlm_coord_rsub_final
9748816,512,0.000000,tlm_coord_y_sub_final+tlm_coord_rsub_final
9748999,512,0.000000,tlm_coord_y_sub_final+tlm_coord_rsub_final
9749182,512,0.000000,tlm_coord_y_sub_final+tlm_coord_rsub_final
9749364,512,0.000000,tlm_coord_y_sub_final+tlm_coord_rsub_final
9749547,512,0.000000,tlm_coord_y_sub_final+tlm_coord_rsub_final
9749730,512,0.000000,tlm_coord_y_sub_final+tlm_coord_rsub_final
9749913,512,0.000000,tlm_coord_y_sub_final+tlm_coord_rsub_final
9750095,512,0.000000,tlm_coord_y_sub_final+tlm_coord_rsub_final
9750278,512,0.000000,tlm_coord_y_sub_final+tlm_coord_rsub_final
9750461,512,0.000000,tlm_coord_y_sub_final+tlm_coord_rsub_final
9750644,512,0.000000,tlm_coord_y_sub_final+tlm_coord_rsub_final
9750827,512,0.000000,tlm_coord_y_sub_final+tlm_coord_rsub_final
9751009,512,0.000000,tlm_coord_y_sub_final+tlm_coord_rsub_final
9751192,512,0.000000,tlm_coord_y_sub_final+tlm_coord_rsub_final
9751375,512,0.000000,tlm_coord_y_sub_final+tlm_coord_rsub_final
9751558,512,0.000000,tlm_coord_y_sub_final+tlm_coord_rsub_final
9751740,512,0.000000,tlm_coord_y_sub_final+tlm_coord_rsub_final
9751923,512,0.000000,tlm_coord_y_sub_final+tlm_coord_rsub_final
9752106,512,0.000000,tlm_coord_y_sub_final+tlm_coord_rsub_final
9752289,512,0.000000,tlm_coord_y_sub_final+tlm_coord_rsub_final
9752472,512,0.000000,tlm_coord_y_sub_final+tlm_coord_rsub_final
9752654,512,0.000000,tlm_coord_y_sub_final+tlm_coord_rsub_final
9752837,768,0.000000,tlm_coord_y_sub_final+tlm_coord_rsub_final
9753020,768,0.000000,tlm_coord_y_sub_final+tlm_coord_rsub_final
9753203,768,0.000000,tlm_coord_y_sub_final+tlm_coord_rsub_final
9753385,768,0.000000,tlm_coord_y_sub_final+tlm_coord_rsub_final
9753568,769,0.000000,tlm_coord_y_sub_final+tlm_coord_rsub_final
9753751,769,0.000000,tlm_coord_y_sub_final+tlm_coord_rsub_final
9753934,770,0.000000,tlm_coord_y_sub_final+tlm_coord_rsub_final
9754117,770,0.000000,tlm_coord_y_sub_final+tlm_coord_rsub_final
9754299,775,50.000000,tlm_coord_y_sub_final+tlm_coord_rsub_final
9754482,866,92.000000,tlm_coord_y_sub_final+tlm_coord_rsub_final
9754665,958,91.000000,tlm_coord_y_sub_final+tlm_coord_rsub_final
9754848,1020,23.000000,tlm_coord_y_sub_final+tlm_coord_rsub_final
9755031,994,0.000000,tlm_coord_y_sub_final+tlm_coord_rsub_final
9755213,967,0.000000,tlm_coord_y_sub_final+tlm_coord_rsub_final
9755396,941,0.000000,tlm_coord_y_sub_final+tlm_coord_rsub_final
9755579,915,0.000000,tlm_coord_y_sub_final+tlm_coord_rsub_final
9755762,889,0.000000,tlm_coord_y_sub_final+tlm_coord_rsub_final
9755944,863,0.000000,tlm_coord_y_sub_final+tlm_coord_rsub_final
9756127,837,0.000000,tlm_coord_y_sub_final+tlm_coord_rsub_final
9756310,811,0.000000,tlm_coord_y_sub_final+tlm_coord_rsub_final
9756493,785,0.000000,tlm_coord_y_sub_final+tlm_coord_rsub_final
9756676,770,0.000000,tlm_coord_y_sub_final+tlm_coord_rsub_final
9756858,770,0.000000,tlm_coord_y_sub_final+tlm_coord_rsub_final
9757041,770,0.000000,tlm_coord_y_sub_final+tlm_coord_rsub_final
9757224,816,45.000000,tlm_coord_y_sub_final+tlm_coord_rsub_final
9757407,816,7.486591,tlm_coord_y_sub_final+tlm_coord_rsub_final
9757589,786,0.000000,tlm_coord_y_sub_final+tlm_coord_rsub_final
9757772,771,8.960106,tlm_coord_y_sub_final+tlm_coord_rsub_final
9757955,779,0.497784,tlm_coord_y_sub_final+tlm_coord_rsub_final
9758138,768,0.000000,tlm_coord_y_sub_final+tlm_coord_rsub_final
9758321,768,0.000000,tlm_coord_y_sub_final+tlm_coord_rsub_final
9758503,768,0.000000,tlm_coord_y_sub_final+tlm_coord_rsub_final
9758686,768,0.000000,tlm_coord_y_sub_final+tlm_coord_rsub_final
9758869,713,0.000000,tlm_coord_y_sub_final+tlm_coord_rsub_final
9759052,531,0.000000,tlm_coord_y_sub_final+tlm_coord_rsub_final
9759234,512,0.000000,tlm_coord_y_sub_final+tlm_coord_rsub_final
